
1A-FE-34-9A-C3-81,1AFE349AC381,18-FE-34-9A-C3-81,18FE349AC381
1A-FE-34-FC-AA-94,1AFE34FCAA94,18-FE-34-FC-AA-94,18FE34FCAA94
1A-FE-34-A6-89-0C,1AFE34A6890C,18-FE-34-A6-89-0C,18FE34A6890C
1A-FE-34-A6-89-0C,1AFE34A6890C,18-FE-34-A6-89-0C,18FE34A6890C
1A-FE-34-A6-89-0C,1AFE34A6890C,18-FE-34-A6-89-0C,18FE34A6890C
1A-FE-34-A6-89-0C,1AFE34A6890C,18-FE-34-A6-89-0C,18FE34A6890C
1A-FE-34-A6-86-1E,1AFE34A6861E,18-FE-34-A6-86-1E,18FE34A6861E
1A-FE-34-FC-AA-94,1AFE34FCAA94,18-FE-34-FC-AA-94,18FE34FCAA94
1A-FE-34-FC-AA-94,1AFE34FCAA94,18-FE-34-FC-AA-94,18FE34FCAA94
1A-FE-34-A6-86-1E,1AFE34A6861E,18-FE-34-A6-86-1E,18FE34A6861E
1A-FE-34-A6-86-1E,1AFE34A6861E,18-FE-34-A6-86-1E,18FE34A6861E
1A-FE-34-A6-86-1E,1AFE34A6861E,18-FE-34-A6-86-1E,18FE34A6861E
1A-FE-34-A6-86-1E,1AFE34A6861E,18-FE-34-A6-86-1E,18FE34A6861E
1A-FE-34-A6-86-1E,1AFE34A6861E,18-FE-34-A6-86-1E,18FE34A6861E
1A-FE-34-A6-86-1E,1AFE34A6861E,18-FE-34-A6-86-1E,18FE34A6861E
1A-FE-34-A6-86-1E,1AFE34A6861E,18-FE-34-A6-86-1E,18FE34A6861E
1A-FE-34-A6-86-1E,1AFE34A6861E,18-FE-34-A6-86-1E,18FE34A6861E
1A-FE-34-A1-C3-32,1AFE34A1C332,18-FE-34-A1-C3-32,18FE34A1C332
1A-FE-34-A1-C3-32,1AFE34A1C332,18-FE-34-A1-C3-32,18FE34A1C332
1A-FE-34-A1-C3-32,1AFE34A1C332,18-FE-34-A1-C3-32,18FE34A1C332
1A-FE-34-F4-C1-9A,1AFE34F4C19A,18-FE-34-F4-C1-9A,18FE34F4C19A
1A-FE-34-F4-BF-95,1AFE34F4BF95,18-FE-34-F4-BF-95,18FE34F4BF95
1A-FE-34-F4-BE-F7,1AFE34F4BEF7,18-FE-34-F4-BE-F7,18FE34F4BEF7
1A-FE-34-F4-BE-BF,1AFE34F4BEBF,18-FE-34-F4-BE-BF,18FE34F4BEBF
1A-FE-34-F4-C2-8A,1AFE34F4C28A,18-FE-34-F4-C2-8A,18FE34F4C28A
1A-FE-34-F4-C1-17,1AFE34F4C117,18-FE-34-F4-C1-17,18FE34F4C117
1A-FE-34-F4-C0-37,1AFE34F4C037,18-FE-34-F4-C0-37,18FE34F4C037
1A-FE-34-F4-BF-1F,1AFE34F4BF1F,18-FE-34-F4-BF-1F,18FE34F4BF1F
1A-FE-34-F4-BE-BD,1AFE34F4BEBD,18-FE-34-F4-BE-BD,18FE34F4BEBD
1A-FE-34-F4-BF-82,1AFE34F4BF82,18-FE-34-F4-BF-82,18FE34F4BF82
1A-FE-34-F4-C1-4D,1AFE34F4C14D,18-FE-34-F4-C1-4D,18FE34F4C14D
1A-FE-34-F4-BF-2F,1AFE34F4BF2F,18-FE-34-F4-BF-2F,18FE34F4BF2F
1A-FE-34-F4-BF-7E,1AFE34F4BF7E,18-FE-34-F4-BF-7E,18FE34F4BF7E
1A-FE-34-F4-BF-1B,1AFE34F4BF1B,18-FE-34-F4-BF-1B,18FE34F4BF1B
1A-FE-34-F4-C2-49,1AFE34F4C249,18-FE-34-F4-C2-49,18FE34F4C249
1A-FE-34-F4-C1-01,1AFE34F4C101,18-FE-34-F4-C1-01,18FE34F4C101
1A-FE-34-F4-BF-86,1AFE34F4BF86,18-FE-34-F4-BF-86,18FE34F4BF86
1A-FE-34-F4-BF-86,1AFE34F4BF86,18-FE-34-F4-BF-86,18FE34F4BF86
1A-FE-34-F4-C0-C0,1AFE34F4C0C0,18-FE-34-F4-C0-C0,18FE34F4C0C0
1A-FE-34-F4-C0-B3,1AFE34F4C0B3,18-FE-34-F4-C0-B3,18FE34F4C0B3
1A-FE-34-F4-C2-47,1AFE34F4C247,18-FE-34-F4-C2-47,18FE34F4C247
1A-FE-34-F4-C0-58,1AFE34F4C058,18-FE-34-F4-C0-58,18FE34F4C058
1A-FE-34-F4-C2-93,1AFE34F4C293,18-FE-34-F4-C2-93,18FE34F4C293
1A-FE-34-F4-C2-93,1AFE34F4C293,18-FE-34-F4-C2-93,18FE34F4C293
1A-FE-34-F4-BF-10,1AFE34F4BF10,18-FE-34-F4-BF-10,18FE34F4BF10
1A-FE-34-A2-E5-B5,1AFE34A2E5B5,18-FE-34-A2-E5-B5,18FE34A2E5B5
1A-FE-34-F4-C1-9A,1AFE34F4C19A,18-FE-34-F4-C1-9A,18FE34F4C19A
1A-FE-34-F4-C1-9A,1AFE34F4C19A,18-FE-34-F4-C1-9A,18FE34F4C19A
1A-FE-34-F4-C1-9A,1AFE34F4C19A,18-FE-34-F4-C1-9A,18FE34F4C19A
1A-FE-34-F4-C1-9A,1AFE34F4C19A,18-FE-34-F4-C1-9A,18FE34F4C19A
1A-FE-34-F4-C1-9A,1AFE34F4C19A,18-FE-34-F4-C1-9A,18FE34F4C19A
1A-FE-34-F4-C1-9A,1AFE34F4C19A,18-FE-34-F4-C1-9A,18FE34F4C19A
1A-FE-34-F4-C1-9A,1AFE34F4C19A,18-FE-34-F4-C1-9A,18FE34F4C19A
1A-FE-34-F4-C1-9A,1AFE34F4C19A,18-FE-34-F4-C1-9A,18FE34F4C19A
1A-FE-34-F4-C1-9A,1AFE34F4C19A,18-FE-34-F4-C1-9A,18FE34F4C19A
1A-FE-34-F4-C1-9A,1AFE34F4C19A,18-FE-34-F4-C1-9A,18FE34F4C19A
1A-FE-34-F4-C1-9A,1AFE34F4C19A,18-FE-34-F4-C1-9A,18FE34F4C19A
1A-FE-34-F4-C1-9A,1AFE34F4C19A,18-FE-34-F4-C1-9A,18FE34F4C19A
1A-FE-34-F4-C1-9A,1AFE34F4C19A,18-FE-34-F4-C1-9A,18FE34F4C19A
1A-FE-34-F4-C1-9A,1AFE34F4C19A,18-FE-34-F4-C1-9A,18FE34F4C19A
1A-FE-34-F4-C1-9A,1AFE34F4C19A,18-FE-34-F4-C1-9A,18FE34F4C19A
1A-FE-34-F4-C1-9A,1AFE34F4C19A,18-FE-34-F4-C1-9A,18FE34F4C19A
1A-FE-34-F4-C1-9A,1AFE34F4C19A,18-FE-34-F4-C1-9A,18FE34F4C19A
1A-FE-34-F4-C1-9A,1AFE34F4C19A,18-FE-34-F4-C1-9A,18FE34F4C19A
1A-FE-34-F4-C1-9A,1AFE34F4C19A,18-FE-34-F4-C1-9A,18FE34F4C19A
1A-FE-34-F4-C1-9A,1AFE34F4C19A,18-FE-34-F4-C1-9A,18FE34F4C19A
1A-FE-34-F4-BF-59,1AFE34F4BF59,18-FE-34-F4-BF-59,18FE34F4BF59
1A-FE-34-F4-BF-59,1AFE34F4BF59,18-FE-34-F4-BF-59,18FE34F4BF59
1A-FE-34-F4-BF-59,1AFE34F4BF59,18-FE-34-F4-BF-59,18FE34F4BF59
1A-FE-34-F4-BF-59,1AFE34F4BF59,18-FE-34-F4-BF-59,18FE34F4BF59
1A-FE-34-F4-BF-59,1AFE34F4BF59,18-FE-34-F4-BF-59,18FE34F4BF59
1A-FE-34-F4-BF-59,1AFE34F4BF59,18-FE-34-F4-BF-59,18FE34F4BF59
1A-FE-34-F4-C1-9A,1AFE34F4C19A,18-FE-34-F4-C1-9A,18FE34F4C19A
1A-FE-34-F4-BF-59,1AFE34F4BF59,18-FE-34-F4-BF-59,18FE34F4BF59
1A-FE-34-A6-82-E2,1AFE34A682E2,18-FE-34-A6-82-E2,18FE34A682E2
1A-FE-34-A6-82-E2,1AFE34A682E2,18-FE-34-A6-82-E2,18FE34A682E2
1A-FE-34-06-28-D4,1AFE340628D4,18-FE-34-06-28-D4,18FE340628D4
1A-FE-34-06-27-8C,1AFE3406278C,18-FE-34-06-27-8C,18FE3406278C
1A-FE-34-06-25-A1,1AFE340625A1,18-FE-34-06-25-A1,18FE340625A1
1A-FE-34-06-25-A1,1AFE340625A1,18-FE-34-06-25-A1,18FE340625A1
1A-FE-34-F4-C1-07,1AFE34F4C107,18-FE-34-F4-C1-07,18FE34F4C107
1A-FE-34-F4-BF-DC,1AFE34F4BFDC,18-FE-34-F4-BF-DC,18FE34F4BFDC
1A-FE-34-F4-C1-2F,1AFE34F4C12F,18-FE-34-F4-C1-2F,18FE34F4C12F
1A-FE-34-F4-BF-71,1AFE34F4BF71,18-FE-34-F4-BF-71,18FE34F4BF71
1A-FE-34-F4-C0-73,1AFE34F4C073,18-FE-34-F4-C0-73,18FE34F4C073
1A-FE-34-F4-C0-CF,1AFE34F4C0CF,18-FE-34-F4-C0-CF,18FE34F4C0CF
1A-FE-34-F4-C0-D4,1AFE34F4C0D4,18-FE-34-F4-C0-D4,18FE34F4C0D4
1A-FE-34-F4-C0-D8,1AFE34F4C0D8,18-FE-34-F4-C0-D8,18FE34F4C0D8
1A-FE-34-F4-C2-70,1AFE34F4C270,18-FE-34-F4-C2-70,18FE34F4C270
1A-FE-34-F4-C0-7B,1AFE34F4C07B,18-FE-34-F4-C0-7B,18FE34F4C07B
1A-FE-34-F4-C1-3D,1AFE34F4C13D,18-FE-34-F4-C1-3D,18FE34F4C13D
1A-FE-34-F4-C0-29,1AFE34F4C029,18-FE-34-F4-C0-29,18FE34F4C029
1A-FE-34-F4-C0-B0,1AFE34F4C0B0,18-FE-34-F4-C0-B0,18FE34F4C0B0
1A-FE-34-F4-BF-17,1AFE34F4BF17,18-FE-34-F4-BF-17,18FE34F4BF17
1A-FE-34-F4-BF-1D,1AFE34F4BF1D,18-FE-34-F4-BF-1D,18FE34F4BF1D
1A-FE-34-F4-BF-8F,1AFE34F4BF8F,18-FE-34-F4-BF-8F,18FE34F4BF8F
1A-FE-34-F4-C2-87,1AFE34F4C287,18-FE-34-F4-C2-87,18FE34F4C287
1A-FE-34-F4-C2-87,1AFE34F4C287,18-FE-34-F4-C2-87,18FE34F4C287
1A-FE-34-F4-C0-B8,1AFE34F4C0B8,18-FE-34-F4-C0-B8,18FE34F4C0B8
1A-FE-34-F4-C0-D3,1AFE34F4C0D3,18-FE-34-F4-C0-D3,18FE34F4C0D3
1A-FE-34-F4-BE-A4,1AFE34F4BEA4,18-FE-34-F4-BE-A4,18FE34F4BEA4
1A-FE-34-F4-BF-A1,1AFE34F4BFA1,18-FE-34-F4-BF-A1,18FE34F4BFA1
1A-FE-34-F4-C1-B7,1AFE34F4C1B7,18-FE-34-F4-C1-B7,18FE34F4C1B7
1A-FE-34-F4-BE-D9,1AFE34F4BED9,18-FE-34-F4-BE-D9,18FE34F4BED9
1A-FE-34-F4-C0-5C,1AFE34F4C05C,18-FE-34-F4-C0-5C,18FE34F4C05C
1A-FE-34-F4-C0-5C,1AFE34F4C05C,18-FE-34-F4-C0-5C,18FE34F4C05C
1A-FE-34-F4-C0-62,1AFE34F4C062,18-FE-34-F4-C0-62,18FE34F4C062
1A-FE-34-F4-C0-1C,1AFE34F4C01C,18-FE-34-F4-C0-1C,18FE34F4C01C
1A-FE-34-F4-C0-23,1AFE34F4C023,18-FE-34-F4-C0-23,18FE34F4C023
1A-FE-34-F4-C0-2B,1AFE34F4C02B,18-FE-34-F4-C0-2B,18FE34F4C02B
1A-FE-34-F4-BF-83,1AFE34F4BF83,18-FE-34-F4-BF-83,18FE34F4BF83
1A-FE-34-F4-C0-92,1AFE34F4C092,18-FE-34-F4-C0-92,18FE34F4C092
1A-FE-34-F4-BF-D7,1AFE34F4BFD7,18-FE-34-F4-BF-D7,18FE34F4BFD7
1A-FE-34-F4-BF-D7,1AFE34F4BFD7,18-FE-34-F4-BF-D7,18FE34F4BFD7
1A-FE-34-F4-BE-B1,1AFE34F4BEB1,18-FE-34-F4-BE-B1,18FE34F4BEB1
1A-FE-34-F4-C0-A1,1AFE34F4C0A1,18-FE-34-F4-C0-A1,18FE34F4C0A1
1A-FE-34-F4-C0-06,1AFE34F4C006,18-FE-34-F4-C0-06,18FE34F4C006
1A-FE-34-F4-C0-D1,1AFE34F4C0D1,18-FE-34-F4-C0-D1,18FE34F4C0D1
1A-FE-34-F4-C0-D1,1AFE34F4C0D1,18-FE-34-F4-C0-D1,18FE34F4C0D1
1A-FE-34-F4-C0-B7,1AFE34F4C0B7,18-FE-34-F4-C0-B7,18FE34F4C0B7
1A-FE-34-F4-C1-E6,1AFE34F4C1E6,18-FE-34-F4-C1-E6,18FE34F4C1E6
1A-FE-34-F4-C0-90,1AFE34F4C090,18-FE-34-F4-C0-90,18FE34F4C090
1A-FE-34-06-71-BF,1AFE340671BF,18-FE-34-06-71-BF,18FE340671BF
1A-FE-34-06-72-8B,1AFE3406728B,18-FE-34-06-72-8B,18FE3406728B
1A-FE-34-F4-C1-F5,1AFE34F4C1F5,18-FE-34-F4-C1-F5,18FE34F4C1F5
1A-FE-34-F4-C1-F5,1AFE34F4C1F5,18-FE-34-F4-C1-F5,18FE34F4C1F5
1A-FE-34-F4-C1-EA,1AFE34F4C1EA,18-FE-34-F4-C1-EA,18FE34F4C1EA
1A-FE-34-F4-C0-70,1AFE34F4C070,18-FE-34-F4-C0-70,18FE34F4C070
1A-FE-34-F4-C0-12,1AFE34F4C012,18-FE-34-F4-C0-12,18FE34F4C012
1A-FE-34-F4-C0-12,1AFE34F4C012,18-FE-34-F4-C0-12,18FE34F4C012
1A-FE-34-F4-BF-A8,1AFE34F4BFA8,18-FE-34-F4-BF-A8,18FE34F4BFA8
1A-FE-34-F4-BF-51,1AFE34F4BF51,18-FE-34-F4-BF-51,18FE34F4BF51
1A-FE-34-F4-C0-9D,1AFE34F4C09D,18-FE-34-F4-C0-9D,18FE34F4C09D
1A-FE-34-F4-BE-9E,1AFE34F4BE9E,18-FE-34-F4-BE-9E,18FE34F4BE9E
1A-FE-34-F4-BE-9E,1AFE34F4BE9E,18-FE-34-F4-BE-9E,18FE34F4BE9E
1A-FE-34-F4-BF-4F,1AFE34F4BF4F,18-FE-34-F4-BF-4F,18FE34F4BF4F
1A-FE-34-F4-BF-D6,1AFE34F4BFD6,18-FE-34-F4-BF-D6,18FE34F4BFD6
1A-FE-34-A6-85-C4,1AFE34A685C4,18-FE-34-A6-85-C4,18FE34A685C4
1A-FE-34-F4-C0-1E,1AFE34F4C01E,18-FE-34-F4-C0-1E,18FE34F4C01E
1A-FE-34-F4-BF-31,1AFE34F4BF31,18-FE-34-F4-BF-31,18FE34F4BF31
1A-FE-34-F4-C1-35,1AFE34F4C135,18-FE-34-F4-C1-35,18FE34F4C135
1A-FE-34-F4-BE-AF,1AFE34F4BEAF,18-FE-34-F4-BE-AF,18FE34F4BEAF
1A-FE-34-F4-BE-AF,1AFE34F4BEAF,18-FE-34-F4-BE-AF,18FE34F4BEAF
1A-FE-34-F4-C0-95,1AFE34F4C095,18-FE-34-F4-C0-95,18FE34F4C095
1A-FE-34-F4-C1-D1,1AFE34F4C1D1,18-FE-34-F4-C1-D1,18FE34F4C1D1
1A-FE-34-F4-C0-42,1AFE34F4C042,18-FE-34-F4-C0-42,18FE34F4C042
1A-FE-34-F4-BF-A0,1AFE34F4BFA0,18-FE-34-F4-BF-A0,18FE34F4BFA0
1A-FE-34-F4-C1-58,1AFE34F4C158,18-FE-34-F4-C1-58,18FE34F4C158
1A-FE-34-F4-BF-CA,1AFE34F4BFCA,18-FE-34-F4-BF-CA,18FE34F4BFCA
1A-FE-34-A6-82-E2,1AFE34A682E2,18-FE-34-A6-82-E2,18FE34A682E2
1A-FE-34-F4-BF-02,1AFE34F4BF02,18-FE-34-F4-BF-02,18FE34F4BF02
1A-FE-34-F4-C0-7A,1AFE34F4C07A,18-FE-34-F4-C0-7A,18FE34F4C07A
1A-FE-34-F4-BF-DD,1AFE34F4BFDD,18-FE-34-F4-BF-DD,18FE34F4BFDD
1A-FE-34-F4-BF-66,1AFE34F4BF66,18-FE-34-F4-BF-66,18FE34F4BF66
1A-FE-34-F4-BE-97,1AFE34F4BE97,18-FE-34-F4-BE-97,18FE34F4BE97
1A-FE-34-F4-C0-9F,1AFE34F4C09F,18-FE-34-F4-C0-9F,18FE34F4C09F
1A-FE-34-F4-C0-D9,1AFE34F4C0D9,18-FE-34-F4-C0-D9,18FE34F4C0D9
1A-FE-34-F4-C1-33,1AFE34F4C133,18-FE-34-F4-C1-33,18FE34F4C133
1A-FE-34-F4-BF-96,1AFE34F4BF96,18-FE-34-F4-BF-96,18FE34F4BF96
1A-FE-34-F4-C1-36,1AFE34F4C136,18-FE-34-F4-C1-36,18FE34F4C136
1A-FE-34-F4-BE-AA,1AFE34F4BEAA,18-FE-34-F4-BE-AA,18FE34F4BEAA
1A-FE-34-F4-BE-C8,1AFE34F4BEC8,18-FE-34-F4-BE-C8,18FE34F4BEC8
1A-FE-34-F4-BF-7B,1AFE34F4BF7B,18-FE-34-F4-BF-7B,18FE34F4BF7B
1A-FE-34-F4-BE-A6,1AFE34F4BEA6,18-FE-34-F4-BE-A6,18FE34F4BEA6
1A-FE-34-F4-C1-F0,1AFE34F4C1F0,18-FE-34-F4-C1-F0,18FE34F4C1F0
1A-FE-34-F4-C2-24,1AFE34F4C224,18-FE-34-F4-C2-24,18FE34F4C224
1A-FE-34-F4-BE-D7,1AFE34F4BED7,18-FE-34-F4-BE-D7,18FE34F4BED7
1A-FE-34-F4-BF-A2,1AFE34F4BFA2,18-FE-34-F4-BF-A2,18FE34F4BFA2
1A-FE-34-F4-BF-6F,1AFE34F4BF6F,18-FE-34-F4-BF-6F,18FE34F4BF6F
1A-FE-34-F4-C0-2D,1AFE34F4C02D,18-FE-34-F4-C0-2D,18FE34F4C02D
1A-FE-34-F4-BF-0E,1AFE34F4BF0E,18-FE-34-F4-BF-0E,18FE34F4BF0E
1A-FE-34-F4-BE-A0,1AFE34F4BEA0,18-FE-34-F4-BE-A0,18FE34F4BEA0
1A-FE-34-F4-BE-A0,1AFE34F4BEA0,18-FE-34-F4-BE-A0,18FE34F4BEA0
1A-FE-34-F4-BF-49,1AFE34F4BF49,18-FE-34-F4-BF-49,18FE34F4BF49
1A-FE-34-F4-C1-53,1AFE34F4C153,18-FE-34-F4-C1-53,18FE34F4C153
1A-FE-34-F4-BF-8D,1AFE34F4BF8D,18-FE-34-F4-BF-8D,18FE34F4BF8D
1A-FE-34-F4-C1-89,1AFE34F4C189,18-FE-34-F4-C1-89,18FE34F4C189
1A-FE-34-F4-C0-81,1AFE34F4C081,18-FE-34-F4-C0-81,18FE34F4C081
1A-FE-34-F4-BF-06,1AFE34F4BF06,18-FE-34-F4-BF-06,18FE34F4BF06
1A-FE-34-F4-BF-70,1AFE34F4BF70,18-FE-34-F4-BF-70,18FE34F4BF70
1A-FE-34-F4-BE-B6,1AFE34F4BEB6,18-FE-34-F4-BE-B6,18FE34F4BEB6
1A-FE-34-F4-C0-17,1AFE34F4C017,18-FE-34-F4-C0-17,18FE34F4C017
1A-FE-34-F4-BE-91,1AFE34F4BE91,18-FE-34-F4-BE-91,18FE34F4BE91
1A-FE-34-F4-BE-B8,1AFE34F4BEB8,18-FE-34-F4-BE-B8,18FE34F4BEB8
1A-FE-34-F4-BE-C5,1AFE34F4BEC5,18-FE-34-F4-BE-C5,18FE34F4BEC5
1A-FE-34-F4-C1-EE,1AFE34F4C1EE,18-FE-34-F4-C1-EE,18FE34F4C1EE
1A-FE-34-F4-C1-0F,1AFE34F4C10F,18-FE-34-F4-C1-0F,18FE34F4C10F
1A-FE-34-F4-C1-2B,1AFE34F4C12B,18-FE-34-F4-C1-2B,18FE34F4C12B
1A-FE-34-F4-C0-C6,1AFE34F4C0C6,18-FE-34-F4-C0-C6,18FE34F4C0C6
1A-FE-34-F4-C2-90,1AFE34F4C290,18-FE-34-F4-C2-90,18FE34F4C290
1A-FE-34-F4-BE-F4,1AFE34F4BEF4,18-FE-34-F4-BE-F4,18FE34F4BEF4
1A-FE-34-F4-BF-59,1AFE34F4BF59,18-FE-34-F4-BF-59,18FE34F4BF59
1A-FE-34-F4-C1-9A,1AFE34F4C19A,18-FE-34-F4-C1-9A,18FE34F4C19A
1A-FE-34-06-72-42,1AFE34067242,18-FE-34-06-72-42,18FE34067242
1A-FE-34-06-28-76,1AFE34062876,18-FE-34-06-28-76,18FE34062876
1A-FE-34-06-23-B4,1AFE340623B4,18-FE-34-06-23-B4,18FE340623B4
1A-FE-34-06-3B-B8,1AFE34063BB8,18-FE-34-06-3B-B8,18FE34063BB8
1A-FE-34-06-26-C3,1AFE340626C3,18-FE-34-06-26-C3,18FE340626C3
1A-FE-34-06-72-D9,1AFE340672D9,18-FE-34-06-72-D9,18FE340672D9
1A-FE-34-06-72-35,1AFE34067235,18-FE-34-06-72-35,18FE34067235
1A-FE-34-06-73-F7,1AFE340673F7,18-FE-34-06-73-F7,18FE340673F7
1A-FE-34-06-74-CE,1AFE340674CE,18-FE-34-06-74-CE,18FE340674CE
1A-FE-34-06-72-EC,1AFE340672EC,18-FE-34-06-72-EC,18FE340672EC
1A-FE-34-06-73-16,1AFE34067316,18-FE-34-06-73-16,18FE34067316
1A-FE-34-06-73-16,1AFE34067316,18-FE-34-06-73-16,18FE34067316
1A-FE-34-06-73-16,1AFE34067316,18-FE-34-06-73-16,18FE34067316
1A-FE-34-06-72-0A,1AFE3406720A,18-FE-34-06-72-0A,18FE3406720A
1A-FE-34-06-72-0A,1AFE3406720A,18-FE-34-06-72-0A,18FE3406720A
1A-FE-34-06-23-4E,1AFE3406234E,18-FE-34-06-23-4E,18FE3406234E
1A-FE-34-06-27-A7,1AFE340627A7,18-FE-34-06-27-A7,18FE340627A7
1A-FE-34-06-23-15,1AFE34062315,18-FE-34-06-23-15,18FE34062315
1A-FE-34-06-24-6F,1AFE3406246F,18-FE-34-06-24-6F,18FE3406246F
1A-FE-34-06-23-F5,1AFE340623F5,18-FE-34-06-23-F5,18FE340623F5
1A-FE-34-06-28-30,1AFE34062830,18-FE-34-06-28-30,18FE34062830
1A-FE-34-06-24-D2,1AFE340624D2,18-FE-34-06-24-D2,18FE340624D2
1A-FE-34-06-24-93,1AFE34062493,18-FE-34-06-24-93,18FE34062493
1A-FE-34-06-27-CB,1AFE340627CB,18-FE-34-06-27-CB,18FE340627CB
1A-FE-34-06-27-9F,1AFE3406279F,18-FE-34-06-27-9F,18FE3406279F
1A-FE-34-06-27-9F,1AFE3406279F,18-FE-34-06-27-9F,18FE3406279F
1A-FE-34-06-28-59,1AFE34062859,18-FE-34-06-28-59,18FE34062859
1A-FE-34-06-2A-39,1AFE34062A39,18-FE-34-06-2A-39,18FE34062A39
1A-FE-34-06-25-7F,1AFE3406257F,18-FE-34-06-25-7F,18FE3406257F
1A-FE-34-06-73-7B,1AFE3406737B,18-FE-34-06-73-7B,18FE3406737B
1A-FE-34-06-72-3D,1AFE3406723D,18-FE-34-06-72-3D,18FE3406723D
1A-FE-34-06-72-3D,1AFE3406723D,18-FE-34-06-72-3D,18FE3406723D
1A-FE-34-06-71-30,1AFE34067130,18-FE-34-06-71-30,18FE34067130
1A-FE-34-06-73-7A,1AFE3406737A,18-FE-34-06-73-7A,18FE3406737A
1A-FE-34-06-74-DD,1AFE340674DD,18-FE-34-06-74-DD,18FE340674DD
1A-FE-34-06-71-4D,1AFE3406714D,18-FE-34-06-71-4D,18FE3406714D
1A-FE-34-06-71-4B,1AFE3406714B,18-FE-34-06-71-4B,18FE3406714B
1A-FE-34-06-71-AF,1AFE340671AF,18-FE-34-06-71-AF,18FE340671AF
1A-FE-34-06-25-5D,1AFE3406255D,18-FE-34-06-25-5D,18FE3406255D
1A-FE-34-06-28-BD,1AFE340628BD,18-FE-34-06-28-BD,18FE340628BD
1A-FE-34-06-28-8D,1AFE3406288D,18-FE-34-06-28-8D,18FE3406288D
1A-FE-34-06-25-5F,1AFE3406255F,18-FE-34-06-25-5F,18FE3406255F
1A-FE-34-F4-C0-E5,1AFE34F4C0E5,18-FE-34-F4-C0-E5,18FE34F4C0E5
1A-FE-34-F4-C1-29,1AFE34F4C129,18-FE-34-F4-C1-29,18FE34F4C129
1A-FE-34-F4-C1-29,1AFE34F4C129,18-FE-34-F4-C1-29,18FE34F4C129
1A-FE-34-F4-BE-E1,1AFE34F4BEE1,18-FE-34-F4-BE-E1,18FE34F4BEE1
1A-FE-34-F4-C0-C1,1AFE34F4C0C1,18-FE-34-F4-C0-C1,18FE34F4C0C1
1A-FE-34-F4-C1-8E,1AFE34F4C18E,18-FE-34-F4-C1-8E,18FE34F4C18E
1A-FE-34-F4-BF-4A,1AFE34F4BF4A,18-FE-34-F4-BF-4A,18FE34F4BF4A
1A-FE-34-F4-BF-54,1AFE34F4BF54,18-FE-34-F4-BF-54,18FE34F4BF54
1A-FE-34-F4-BF-07,1AFE34F4BF07,18-FE-34-F4-BF-07,18FE34F4BF07
1A-FE-34-F4-C1-55,1AFE34F4C155,18-FE-34-F4-C1-55,18FE34F4C155
1A-FE-34-F4-BF-91,1AFE34F4BF91,18-FE-34-F4-BF-91,18FE34F4BF91
1A-FE-34-F4-C1-82,1AFE34F4C182,18-FE-34-F4-C1-82,18FE34F4C182
1A-FE-34-F4-BF-80,1AFE34F4BF80,18-FE-34-F4-BF-80,18FE34F4BF80
1A-FE-34-F4-C0-2C,1AFE34F4C02C,18-FE-34-F4-C0-2C,18FE34F4C02C
1A-FE-34-F4-C0-2C,1AFE34F4C02C,18-FE-34-F4-C0-2C,18FE34F4C02C
1A-FE-34-F4-C2-95,1AFE34F4C295,18-FE-34-F4-C2-95,18FE34F4C295
1A-FE-34-F4-C0-AC,1AFE34F4C0AC,18-FE-34-F4-C0-AC,18FE34F4C0AC
1A-FE-34-F4-BE-A1,1AFE34F4BEA1,18-FE-34-F4-BE-A1,18FE34F4BEA1
1A-FE-34-F4-C2-79,1AFE34F4C279,18-FE-34-F4-C2-79,18FE34F4C279
1A-FE-34-F4-C1-5D,1AFE34F4C15D,18-FE-34-F4-C1-5D,18FE34F4C15D
1A-FE-34-F4-BF-D5,1AFE34F4BFD5,18-FE-34-F4-BF-D5,18FE34F4BFD5
1A-FE-34-F4-BF-DF,1AFE34F4BFDF,18-FE-34-F4-BF-DF,18FE34F4BFDF
1A-FE-34-F4-BF-16,1AFE34F4BF16,18-FE-34-F4-BF-16,18FE34F4BF16
1A-FE-34-F4-C0-5A,1AFE34F4C05A,18-FE-34-F4-C0-5A,18FE34F4C05A
1A-FE-34-F4-BF-98,1AFE34F4BF98,18-FE-34-F4-BF-98,18FE34F4BF98
1A-FE-34-F4-C1-F2,1AFE34F4C1F2,18-FE-34-F4-C1-F2,18FE34F4C1F2
1A-FE-34-F4-C1-F2,1AFE34F4C1F2,18-FE-34-F4-C1-F2,18FE34F4C1F2
1A-FE-34-F4-C1-00,1AFE34F4C100,18-FE-34-F4-C1-00,18FE34F4C100
1A-FE-34-F4-BE-A8,1AFE34F4BEA8,18-FE-34-F4-BE-A8,18FE34F4BEA8
1A-FE-34-F4-C1-86,1AFE34F4C186,18-FE-34-F4-C1-86,18FE34F4C186
1A-FE-34-F4-BE-ED,1AFE34F4BEED,18-FE-34-F4-BE-ED,18FE34F4BEED
1A-FE-34-F4-C0-6D,1AFE34F4C06D,18-FE-34-F4-C0-6D,18FE34F4C06D
1A-FE-34-F4-C0-6D,1AFE34F4C06D,18-FE-34-F4-C0-6D,18FE34F4C06D
1A-FE-34-F4-C2-91,1AFE34F4C291,18-FE-34-F4-C2-91,18FE34F4C291
1A-FE-34-F4-BF-7F,1AFE34F4BF7F,18-FE-34-F4-BF-7F,18FE34F4BF7F
1A-FE-34-F4-C0-6A,1AFE34F4C06A,18-FE-34-F4-C0-6A,18FE34F4C06A
1A-FE-34-F4-BF-D9,1AFE34F4BFD9,18-FE-34-F4-BF-D9,18FE34F4BFD9
1A-FE-34-F4-C0-66,1AFE34F4C066,18-FE-34-F4-C0-66,18FE34F4C066
1A-FE-34-F4-C0-66,1AFE34F4C066,18-FE-34-F4-C0-66,18FE34F4C066
1A-FE-34-F4-BF-D9,1AFE34F4BFD9,18-FE-34-F4-BF-D9,18FE34F4BFD9
1A-FE-34-F4-C0-80,1AFE34F4C080,18-FE-34-F4-C0-80,18FE34F4C080
1A-FE-34-F4-BF-47,1AFE34F4BF47,18-FE-34-F4-BF-47,18FE34F4BF47
1A-FE-34-F4-BE-C3,1AFE34F4BEC3,18-FE-34-F4-BE-C3,18FE34F4BEC3
1A-FE-34-F4-C2-1E,1AFE34F4C21E,18-FE-34-F4-C2-1E,18FE34F4C21E
1A-FE-34-F4-BE-B3,1AFE34F4BEB3,18-FE-34-F4-BE-B3,18FE34F4BEB3
1A-FE-34-F4-C1-F6,1AFE34F4C1F6,18-FE-34-F4-C1-F6,18FE34F4C1F6
1A-FE-34-F4-BF-52,1AFE34F4BF52,18-FE-34-F4-BF-52,18FE34F4BF52
1A-FE-34-F4-C1-85,1AFE34F4C185,18-FE-34-F4-C1-85,18FE34F4C185
1A-FE-34-F4-C2-1F,1AFE34F4C21F,18-FE-34-F4-C2-1F,18FE34F4C21F
1A-FE-34-F4-C1-42,1AFE34F4C142,18-FE-34-F4-C1-42,18FE34F4C142
1A-FE-34-F4-BF-85,1AFE34F4BF85,18-FE-34-F4-BF-85,18FE34F4BF85
1A-FE-34-F4-BE-A5,1AFE34F4BEA5,18-FE-34-F4-BE-A5,18FE34F4BEA5
1A-FE-34-F4-C1-67,1AFE34F4C167,18-FE-34-F4-C1-67,18FE34F4C167
1A-FE-34-F4-BF-64,1AFE34F4BF64,18-FE-34-F4-BF-64,18FE34F4BF64
1A-FE-34-F4-BF-28,1AFE34F4BF28,18-FE-34-F4-BF-28,18FE34F4BF28
1A-FE-34-F4-C0-6F,1AFE34F4C06F,18-FE-34-F4-C0-6F,18FE34F4C06F
1A-FE-34-F4-BF-0F,1AFE34F4BF0F,18-FE-34-F4-BF-0F,18FE34F4BF0F
1A-FE-34-F4-C0-B9,1AFE34F4C0B9,18-FE-34-F4-C0-B9,18FE34F4C0B9
1A-FE-34-F4-BF-75,1AFE34F4BF75,18-FE-34-F4-BF-75,18FE34F4BF75
1A-FE-34-F4-C2-80,1AFE34F4C280,18-FE-34-F4-C2-80,18FE34F4C280
1A-FE-34-F4-C2-80,1AFE34F4C280,18-FE-34-F4-C2-80,18FE34F4C280
1A-FE-34-F4-C1-80,1AFE34F4C180,18-FE-34-F4-C1-80,18FE34F4C180
1A-FE-34-F4-C0-69,1AFE34F4C069,18-FE-34-F4-C0-69,18FE34F4C069
1A-FE-34-F4-C1-80,1AFE34F4C180,18-FE-34-F4-C1-80,18FE34F4C180
1A-FE-34-F4-C2-7E,1AFE34F4C27E,18-FE-34-F4-C2-7E,18FE34F4C27E
1A-FE-34-F4-C0-C7,1AFE34F4C0C7,18-FE-34-F4-C0-C7,18FE34F4C0C7
1A-FE-34-F4-C1-0C,1AFE34F4C10C,18-FE-34-F4-C1-0C,18FE34F4C10C
1A-FE-34-F4-BF-77,1AFE34F4BF77,18-FE-34-F4-BF-77,18FE34F4BF77
1A-FE-34-F4-C2-4B,1AFE34F4C24B,18-FE-34-F4-C2-4B,18FE34F4C24B
1A-FE-34-F4-C1-5B,1AFE34F4C15B,18-FE-34-F4-C1-5B,18FE34F4C15B
1A-FE-34-F4-C1-08,1AFE34F4C108,18-FE-34-F4-C1-08,18FE34F4C108
1A-FE-34-F4-C0-26,1AFE34F4C026,18-FE-34-F4-C0-26,18FE34F4C026
1A-FE-34-F4-BE-D6,1AFE34F4BED6,18-FE-34-F4-BE-D6,18FE34F4BED6
1A-FE-34-F4-C1-04,1AFE34F4C104,18-FE-34-F4-C1-04,18FE34F4C104
1A-FE-34-F4-BF-D1,1AFE34F4BFD1,18-FE-34-F4-BF-D1,18FE34F4BFD1
1A-FE-34-F4-C1-59,1AFE34F4C159,18-FE-34-F4-C1-59,18FE34F4C159
1A-FE-34-F4-C1-59,1AFE34F4C159,18-FE-34-F4-C1-59,18FE34F4C159
1A-FE-34-F4-C1-87,1AFE34F4C187,18-FE-34-F4-C1-87,18FE34F4C187
1A-FE-34-F4-C0-EF,1AFE34F4C0EF,18-FE-34-F4-C0-EF,18FE34F4C0EF
1A-FE-34-F4-C1-06,1AFE34F4C106,18-FE-34-F4-C1-06,18FE34F4C106
1A-FE-34-F4-BE-C1,1AFE34F4BEC1,18-FE-34-F4-BE-C1,18FE34F4BEC1
1A-FE-34-F4-C2-6B,1AFE34F4C26B,18-FE-34-F4-C2-6B,18FE34F4C26B
1A-FE-34-F4-BE-D4,1AFE34F4BED4,18-FE-34-F4-BE-D4,18FE34F4BED4
1A-FE-34-F4-BE-D4,1AFE34F4BED4,18-FE-34-F4-BE-D4,18FE34F4BED4
1A-FE-34-F4-BF-DE,1AFE34F4BFDE,18-FE-34-F4-BF-DE,18FE34F4BFDE
1A-FE-34-F4-C1-50,1AFE34F4C150,18-FE-34-F4-C1-50,18FE34F4C150
1A-FE-34-F4-C2-86,1AFE34F4C286,18-FE-34-F4-C2-86,18FE34F4C286
1A-FE-34-F4-C2-45,1AFE34F4C245,18-FE-34-F4-C2-45,18FE34F4C245
1A-FE-34-F4-BE-AC,1AFE34F4BEAC,18-FE-34-F4-BE-AC,18FE34F4BEAC
1A-FE-34-F4-C2-39,1AFE34F4C239,18-FE-34-F4-C2-39,18FE34F4C239
1A-FE-34-F4-C1-5A,1AFE34F4C15A,18-FE-34-F4-C1-5A,18FE34F4C15A
1A-FE-34-F4-C0-BE,1AFE34F4C0BE,18-FE-34-F4-C0-BE,18FE34F4C0BE
1A-FE-34-F4-C0-A0,1AFE34F4C0A0,18-FE-34-F4-C0-A0,18FE34F4C0A0
1A-FE-34-F4-C0-DA,1AFE34F4C0DA,18-FE-34-F4-C0-DA,18FE34F4C0DA
1A-FE-34-F4-C0-DE,1AFE34F4C0DE,18-FE-34-F4-C0-DE,18FE34F4C0DE
1A-FE-34-F4-C1-CA,1AFE34F4C1CA,18-FE-34-F4-C1-CA,18FE34F4C1CA
1A-FE-34-F4-BF-84,1AFE34F4BF84,18-FE-34-F4-BF-84,18FE34F4BF84
1A-FE-34-F4-C1-88,1AFE34F4C188,18-FE-34-F4-C1-88,18FE34F4C188
1A-FE-34-F4-C0-8B,1AFE34F4C08B,18-FE-34-F4-C0-8B,18FE34F4C08B
1A-FE-34-F4-C0-75,1AFE34F4C075,18-FE-34-F4-C0-75,18FE34F4C075
1A-FE-34-06-71-4B,1AFE3406714B,18-FE-34-06-71-4B,18FE3406714B
1A-FE-34-06-72-0A,1AFE3406720A,18-FE-34-06-72-0A,18FE3406720A
1A-FE-34-06-73-16,1AFE34067316,18-FE-34-06-73-16,18FE34067316
1A-FE-34-06-3C-75,1AFE34063C75,18-FE-34-06-3C-75,18FE34063C75
1A-FE-34-06-3C-75,1AFE34063C75,18-FE-34-06-3C-75,18FE34063C75
1A-FE-34-06-3C-75,1AFE34063C75,18-FE-34-06-3C-75,18FE34063C75
1A-FE-34-06-3C-75,1AFE34063C75,18-FE-34-06-3C-75,18FE34063C75
1A-FE-34-06-3C-75,1AFE34063C75,18-FE-34-06-3C-75,18FE34063C75
1A-FE-34-06-3C-75,1AFE34063C75,18-FE-34-06-3C-75,18FE34063C75
1A-FE-34-06-3C-75,1AFE34063C75,18-FE-34-06-3C-75,18FE34063C75
1A-FE-34-06-3C-75,1AFE34063C75,18-FE-34-06-3C-75,18FE34063C75
1A-FE-34-06-3C-75,1AFE34063C75,18-FE-34-06-3C-75,18FE34063C75
1A-FE-34-06-3C-75,1AFE34063C75,18-FE-34-06-3C-75,18FE34063C75
1A-FE-34-06-3C-75,1AFE34063C75,18-FE-34-06-3C-75,18FE34063C75
1A-FE-34-06-3C-75,1AFE34063C75,18-FE-34-06-3C-75,18FE34063C75
1A-FE-34-06-3C-75,1AFE34063C75,18-FE-34-06-3C-75,18FE34063C75
1A-FE-34-06-3C-75,1AFE34063C75,18-FE-34-06-3C-75,18FE34063C75
1A-FE-34-F4-BF-59,1AFE34F4BF59,18-FE-34-F4-BF-59,18FE34F4BF59
1A-FE-34-F4-BF-59,1AFE34F4BF59,18-FE-34-F4-BF-59,18FE34F4BF59
1A-FE-34-06-3C-75,1AFE34063C75,18-FE-34-06-3C-75,18FE34063C75
1A-FE-34-06-25-C0,1AFE340625C0,18-FE-34-06-25-C0,18FE340625C0
1A-FE-34-06-3C-75,1AFE34063C75,18-FE-34-06-3C-75,18FE34063C75
1A-FE-34-06-74-7E,1AFE3406747E,18-FE-34-06-74-7E,18FE3406747E
1A-FE-34-06-72-66,1AFE34067266,18-FE-34-06-72-66,18FE34067266
1A-FE-34-06-72-66,1AFE34067266,18-FE-34-06-72-66,18FE34067266
1A-FE-34-06-72-66,1AFE34067266,18-FE-34-06-72-66,18FE34067266
1A-FE-34-06-26-9A,1AFE3406269A,18-FE-34-06-26-9A,18FE3406269A
1A-FE-34-06-24-37,1AFE34062437,18-FE-34-06-24-37,18FE34062437
1A-FE-34-06-71-9B,1AFE3406719B,18-FE-34-06-71-9B,18FE3406719B
1A-FE-34-06-28-CA,1AFE340628CA,18-FE-34-06-28-CA,18FE340628CA
1A-FE-34-06-29-A6,1AFE340629A6,18-FE-34-06-29-A6,18FE340629A6
1A-FE-34-06-29-A6,1AFE340629A6,18-FE-34-06-29-A6,18FE340629A6
1A-FE-34-06-29-A6,1AFE340629A6,18-FE-34-06-29-A6,18FE340629A6
1A-FE-34-06-29-A6,1AFE340629A6,18-FE-34-06-29-A6,18FE340629A6
1A-FE-34-06-29-ED,1AFE340629ED,18-FE-34-06-29-ED,18FE340629ED
1A-FE-34-06-26-45,1AFE34062645,18-FE-34-06-26-45,18FE34062645
1A-FE-34-06-26-74,1AFE34062674,18-FE-34-06-26-74,18FE34062674
1A-FE-34-06-29-23,1AFE34062923,18-FE-34-06-29-23,18FE34062923
1A-FE-34-06-29-23,1AFE34062923,18-FE-34-06-29-23,18FE34062923
1A-FE-34-06-29-23,1AFE34062923,18-FE-34-06-29-23,18FE34062923
1A-FE-34-06-24-BA,1AFE340624BA,18-FE-34-06-24-BA,18FE340624BA
1A-FE-34-06-74-D9,1AFE340674D9,18-FE-34-06-74-D9,18FE340674D9
1A-FE-34-06-72-C3,1AFE340672C3,18-FE-34-06-72-C3,18FE340672C3
1A-FE-34-06-72-E5,1AFE340672E5,18-FE-34-06-72-E5,18FE340672E5
1A-FE-34-06-24-A0,1AFE340624A0,18-FE-34-06-24-A0,18FE340624A0
1A-FE-34-06-26-BC,1AFE340626BC,18-FE-34-06-26-BC,18FE340626BC
1A-FE-34-06-72-D4,1AFE340672D4,18-FE-34-06-72-D4,18FE340672D4
1A-FE-34-06-73-FE,1AFE340673FE,18-FE-34-06-73-FE,18FE340673FE
1A-FE-34-06-25-05,1AFE34062505,18-FE-34-06-25-05,18FE34062505
1A-FE-34-06-27-6F,1AFE3406276F,18-FE-34-06-27-6F,18FE3406276F
1A-FE-34-06-23-B3,1AFE340623B3,18-FE-34-06-23-B3,18FE340623B3
1A-FE-34-E6-80-7F,1AFE34E6807F,18-FE-34-E6-80-7F,18FE34E6807F
1A-FE-34-06-74-53,1AFE34067453,18-FE-34-06-74-53,18FE34067453
1A-FE-34-06-75-0E,1AFE3406750E,18-FE-34-06-75-0E,18FE3406750E
1A-FE-34-F4-C2-A2,1AFE34F4C2A2,18-FE-34-F4-C2-A2,18FE34F4C2A2
1A-FE-34-F4-C0-99,1AFE34F4C099,18-FE-34-F4-C0-99,18FE34F4C099
1A-FE-34-F4-C0-51,1AFE34F4C051,18-FE-34-F4-C0-51,18FE34F4C051
1A-FE-34-F4-C1-7E,1AFE34F4C17E,18-FE-34-F4-C1-7E,18FE34F4C17E
1A-FE-34-F4-C1-7E,1AFE34F4C17E,18-FE-34-F4-C1-7E,18FE34F4C17E
1A-FE-34-F4-C1-65,1AFE34F4C165,18-FE-34-F4-C1-65,18FE34F4C165
1A-FE-34-F4-C1-81,1AFE34F4C181,18-FE-34-F4-C1-81,18FE34F4C181
1A-FE-34-F4-C1-81,1AFE34F4C181,18-FE-34-F4-C1-81,18FE34F4C181
1A-FE-34-F4-C1-7E,1AFE34F4C17E,18-FE-34-F4-C1-7E,18FE34F4C17E
1A-FE-34-F4-C1-C4,1AFE34F4C1C4,18-FE-34-F4-C1-C4,18FE34F4C1C4
1A-FE-34-F4-C1-5C,1AFE34F4C15C,18-FE-34-F4-C1-5C,18FE34F4C15C
1A-FE-34-F4-C1-7E,1AFE34F4C17E,18-FE-34-F4-C1-7E,18FE34F4C17E
1A-FE-34-F4-C1-F4,1AFE34F4C1F4,18-FE-34-F4-C1-F4,18FE34F4C1F4
1A-FE-34-F4-C1-83,1AFE34F4C183,18-FE-34-F4-C1-83,18FE34F4C183
1A-FE-34-F4-C0-AE,1AFE34F4C0AE,18-FE-34-F4-C0-AE,18FE34F4C0AE
1A-FE-34-F4-BF-9B,1AFE34F4BF9B,18-FE-34-F4-BF-9B,18FE34F4BF9B
1A-FE-34-F4-BF-58,1AFE34F4BF58,18-FE-34-F4-BF-58,18FE34F4BF58
1A-FE-34-F4-C1-46,1AFE34F4C146,18-FE-34-F4-C1-46,18FE34F4C146
1A-FE-34-F4-C1-7F,1AFE34F4C17F,18-FE-34-F4-C1-7F,18FE34F4C17F
1A-FE-34-F4-BF-81,1AFE34F4BF81,18-FE-34-F4-BF-81,18FE34F4BF81
1A-FE-34-F4-BF-12,1AFE34F4BF12,18-FE-34-F4-BF-12,18FE34F4BF12
1A-FE-34-F4-C2-67,1AFE34F4C267,18-FE-34-F4-C2-67,18FE34F4C267
1A-FE-34-F4-C0-68,1AFE34F4C068,18-FE-34-F4-C0-68,18FE34F4C068
1A-FE-34-F4-BF-BA,1AFE34F4BFBA,18-FE-34-F4-BF-BA,18FE34F4BFBA
1A-FE-34-F4-C0-C8,1AFE34F4C0C8,18-FE-34-F4-C0-C8,18FE34F4C0C8
1A-FE-34-F4-C1-EB,1AFE34F4C1EB,18-FE-34-F4-C1-EB,18FE34F4C1EB
1A-FE-34-F4-C0-DF,1AFE34F4C0DF,18-FE-34-F4-C0-DF,18FE34F4C0DF
1A-FE-34-F4-BF-B9,1AFE34F4BFB9,18-FE-34-F4-BF-B9,18FE34F4BFB9
1A-FE-34-F4-BF-5A,1AFE34F4BF5A,18-FE-34-F4-BF-5A,18FE34F4BF5A
1A-FE-34-F4-C0-4D,1AFE34F4C04D,18-FE-34-F4-C0-4D,18FE34F4C04D
1A-FE-34-F4-BF-D8,1AFE34F4BFD8,18-FE-34-F4-BF-D8,18FE34F4BFD8
1A-FE-34-F4-BE-D1,1AFE34F4BED1,18-FE-34-F4-BE-D1,18FE34F4BED1
1A-FE-34-F4-C0-C3,1AFE34F4C0C3,18-FE-34-F4-C0-C3,18FE34F4C0C3
1A-FE-34-F4-C1-37,1AFE34F4C137,18-FE-34-F4-C1-37,18FE34F4C137
1A-FE-34-F4-C1-0E,1AFE34F4C10E,18-FE-34-F4-C1-0E,18FE34F4C10E
1A-FE-34-F4-C0-94,1AFE34F4C094,18-FE-34-F4-C0-94,18FE34F4C094
1A-FE-34-F4-BF-9D,1AFE34F4BF9D,18-FE-34-F4-BF-9D,18FE34F4BF9D
1A-FE-34-F4-BF-2A,1AFE34F4BF2A,18-FE-34-F4-BF-2A,18FE34F4BF2A
1A-FE-34-F4-C0-38,1AFE34F4C038,18-FE-34-F4-C0-38,18FE34F4C038
1A-FE-34-F4-C1-60,1AFE34F4C160,18-FE-34-F4-C1-60,18FE34F4C160
1A-FE-34-F4-C0-F7,1AFE34F4C0F7,18-FE-34-F4-C0-F7,18FE34F4C0F7
1A-FE-34-F4-C1-56,1AFE34F4C156,18-FE-34-F4-C1-56,18FE34F4C156
1A-FE-34-F4-BF-9A,1AFE34F4BF9A,18-FE-34-F4-BF-9A,18FE34F4BF9A
1A-FE-34-F4-C2-66,1AFE34F4C266,18-FE-34-F4-C2-66,18FE34F4C266
1A-FE-34-F4-BF-EC,1AFE34F4BFEC,18-FE-34-F4-BF-EC,18FE34F4BFEC
1A-FE-34-F4-BE-E6,1AFE34F4BEE6,18-FE-34-F4-BE-E6,18FE34F4BEE6
1A-FE-34-F4-C0-B2,1AFE34F4C0B2,18-FE-34-F4-C0-B2,18FE34F4C0B2
1A-FE-34-F4-BE-AE,1AFE34F4BEAE,18-FE-34-F4-BE-AE,18FE34F4BEAE
1A-FE-34-F4-C2-83,1AFE34F4C283,18-FE-34-F4-C2-83,18FE34F4C283
1A-FE-34-F4-C0-8E,1AFE34F4C08E,18-FE-34-F4-C0-8E,18FE34F4C08E
1A-FE-34-F4-C2-1B,1AFE34F4C21B,18-FE-34-F4-C2-1B,18FE34F4C21B
1A-FE-34-F4-C2-17,1AFE34F4C217,18-FE-34-F4-C2-17,18FE34F4C217
1A-FE-34-F4-BF-8A,1AFE34F4BF8A,18-FE-34-F4-BF-8A,18FE34F4BF8A
1A-FE-34-F4-BF-E6,1AFE34F4BFE6,18-FE-34-F4-BF-E6,18FE34F4BFE6
1A-FE-34-F4-C0-A8,1AFE34F4C0A8,18-FE-34-F4-C0-A8,18FE34F4C0A8
1A-FE-34-F4-BF-B1,1AFE34F4BFB1,18-FE-34-F4-BF-B1,18FE34F4BFB1
1A-FE-34-F4-C0-98,1AFE34F4C098,18-FE-34-F4-C0-98,18FE34F4C098
1A-FE-34-F4-C1-D9,1AFE34F4C1D9,18-FE-34-F4-C1-D9,18FE34F4C1D9
1A-FE-34-F4-BF-8C,1AFE34F4BF8C,18-FE-34-F4-BF-8C,18FE34F4BF8C
1A-FE-34-F4-BE-B2,1AFE34F4BEB2,18-FE-34-F4-BE-B2,18FE34F4BEB2
1A-FE-34-F4-BF-50,1AFE34F4BF50,18-FE-34-F4-BF-50,18FE34F4BF50
1A-FE-34-F4-BF-03,1AFE34F4BF03,18-FE-34-F4-BF-03,18FE34F4BF03
1A-FE-34-F4-C0-64,1AFE34F4C064,18-FE-34-F4-C0-64,18FE34F4C064
1A-FE-34-F4-C1-92,1AFE34F4C192,18-FE-34-F4-C1-92,18FE34F4C192
1A-FE-34-F4-C1-41,1AFE34F4C141,18-FE-34-F4-C1-41,18FE34F4C141
1A-FE-34-F4-C0-B4,1AFE34F4C0B4,18-FE-34-F4-C0-B4,18FE34F4C0B4
1A-FE-34-F4-C0-D6,1AFE34F4C0D6,18-FE-34-F4-C0-D6,18FE34F4C0D6
1A-FE-34-F4-BF-57,1AFE34F4BF57,18-FE-34-F4-BF-57,18FE34F4BF57
1A-FE-34-F4-C0-97,1AFE34F4C097,18-FE-34-F4-C0-97,18FE34F4C097
1A-FE-34-F4-BE-BA,1AFE34F4BEBA,18-FE-34-F4-BE-BA,18FE34F4BEBA
1A-FE-34-F4-C1-FD,1AFE34F4C1FD,18-FE-34-F4-C1-FD,18FE34F4C1FD
1A-FE-34-F4-C0-63,1AFE34F4C063,18-FE-34-F4-C0-63,18FE34F4C063
1A-FE-34-F4-C0-89,1AFE34F4C089,18-FE-34-F4-C0-89,18FE34F4C089
1A-FE-34-F4-BF-14,1AFE34F4BF14,18-FE-34-F4-BF-14,18FE34F4BF14
1A-FE-34-06-73-A3,1AFE340673A3,18-FE-34-06-73-A3,18FE340673A3
1A-FE-34-06-71-40,1AFE34067140,18-FE-34-06-71-40,18FE34067140
1A-FE-34-06-26-4A,1AFE3406264A,18-FE-34-06-26-4A,18FE3406264A
1A-FE-34-06-2A-23,1AFE34062A23,18-FE-34-06-2A-23,18FE34062A23
1A-FE-34-E4-C5-EA,1AFE34E4C5EA,18-FE-34-E4-C5-EA,18FE34E4C5EA
1A-FE-34-06-73-CB,1AFE340673CB,18-FE-34-06-73-CB,18FE340673CB
1A-FE-34-06-73-14,1AFE34067314,18-FE-34-06-73-14,18FE34067314
1A-FE-34-06-75-29,1AFE34067529,18-FE-34-06-75-29,18FE34067529
1A-FE-34-06-71-37,1AFE34067137,18-FE-34-06-71-37,18FE34067137
1A-FE-34-06-71-37,1AFE34067137,18-FE-34-06-71-37,18FE34067137
1A-FE-34-06-29-65,1AFE34062965,18-FE-34-06-29-65,18FE34062965
1A-FE-34-06-72-5A,1AFE3406725A,18-FE-34-06-72-5A,18FE3406725A
1A-FE-34-06-74-04,1AFE34067404,18-FE-34-06-74-04,18FE34067404
1A-FE-34-06-23-9E,1AFE3406239E,18-FE-34-06-23-9E,18FE3406239E
1A-FE-34-06-24-90,1AFE34062490,18-FE-34-06-24-90,18FE34062490
1A-FE-34-06-74-26,1AFE34067426,18-FE-34-06-74-26,18FE34067426
1A-FE-34-06-23-7D,1AFE3406237D,18-FE-34-06-23-7D,18FE3406237D
1A-FE-34-06-23-7D,1AFE3406237D,18-FE-34-06-23-7D,18FE3406237D
1A-FE-34-06-71-54,1AFE34067154,18-FE-34-06-71-54,18FE34067154
1A-FE-34-06-74-F7,1AFE340674F7,18-FE-34-06-74-F7,18FE340674F7
1A-FE-34-06-71-DA,1AFE340671DA,18-FE-34-06-71-DA,18FE340671DA
1A-FE-34-06-2A-4B,1AFE34062A4B,18-FE-34-06-2A-4B,18FE34062A4B
1A-FE-34-06-24-08,1AFE34062408,18-FE-34-06-24-08,18FE34062408
1A-FE-34-F4-C0-D7,1AFE34F4C0D7,18-FE-34-F4-C0-D7,18FE34F4C0D7
1A-FE-34-F4-C1-09,1AFE34F4C109,18-FE-34-F4-C1-09,18FE34F4C109
1A-FE-34-F4-C0-D7,1AFE34F4C0D7,18-FE-34-F4-C0-D7,18FE34F4C0D7
1A-FE-34-F4-C0-D7,1AFE34F4C0D7,18-FE-34-F4-C0-D7,18FE34F4C0D7
1A-FE-34-F4-C1-09,1AFE34F4C109,18-FE-34-F4-C1-09,18FE34F4C109
1A-FE-34-F4-C1-09,1AFE34F4C109,18-FE-34-F4-C1-09,18FE34F4C109
1A-FE-34-F4-C0-78,1AFE34F4C078,18-FE-34-F4-C0-78,18FE34F4C078
1A-FE-34-F4-BE-BC,1AFE34F4BEBC,18-FE-34-F4-BE-BC,18FE34F4BEBC
1A-FE-34-F4-C0-78,1AFE34F4C078,18-FE-34-F4-C0-78,18FE34F4C078
1A-FE-34-F4-C1-09,1AFE34F4C109,18-FE-34-F4-C1-09,18FE34F4C109
1A-FE-34-F4-C1-BC,1AFE34F4C1BC,18-FE-34-F4-C1-BC,18FE34F4C1BC
1A-FE-34-F4-C1-CB,1AFE34F4C1CB,18-FE-34-F4-C1-CB,18FE34F4C1CB
1A-FE-34-F4-C0-C9,1AFE34F4C0C9,18-FE-34-F4-C0-C9,18FE34F4C0C9
1A-FE-34-F4-C1-0A,1AFE34F4C10A,18-FE-34-F4-C1-0A,18FE34F4C10A
1A-FE-34-F4-C0-8A,1AFE34F4C08A,18-FE-34-F4-C0-8A,18FE34F4C08A
1A-FE-34-F4-BF-11,1AFE34F4BF11,18-FE-34-F4-BF-11,18FE34F4BF11
1A-FE-34-F4-C0-33,1AFE34F4C033,18-FE-34-F4-C0-33,18FE34F4C033
1A-FE-34-F4-BE-F3,1AFE34F4BEF3,18-FE-34-F4-BE-F3,18FE34F4BEF3
1A-FE-34-F4-C0-01,1AFE34F4C001,18-FE-34-F4-C0-01,18FE34F4C001
1A-FE-34-F4-BF-C2,1AFE34F4BFC2,18-FE-34-F4-BF-C2,18FE34F4BFC2
1A-FE-34-F4-C2-A1,1AFE34F4C2A1,18-FE-34-F4-C2-A1,18FE34F4C2A1
1A-FE-34-F4-C1-F8,1AFE34F4C1F8,18-FE-34-F4-C1-F8,18FE34F4C1F8
1A-FE-34-F4-C1-64,1AFE34F4C164,18-FE-34-F4-C1-64,18FE34F4C164
1A-FE-34-F4-C0-5F,1AFE34F4C05F,18-FE-34-F4-C0-5F,18FE34F4C05F
1A-FE-34-F4-BF-18,1AFE34F4BF18,18-FE-34-F4-BF-18,18FE34F4BF18
1A-FE-34-F4-C1-8D,1AFE34F4C18D,18-FE-34-F4-C1-8D,18FE34F4C18D
1A-FE-34-F4-C2-3A,1AFE34F4C23A,18-FE-34-F4-C2-3A,18FE34F4C23A
1A-FE-34-F4-C1-21,1AFE34F4C121,18-FE-34-F4-C1-21,18FE34F4C121
1A-FE-34-F4-C0-FD,1AFE34F4C0FD,18-FE-34-F4-C0-FD,18FE34F4C0FD
1A-FE-34-F4-BF-A7,1AFE34F4BFA7,18-FE-34-F4-BF-A7,18FE34F4BFA7
1A-FE-34-F4-C2-9A,1AFE34F4C29A,18-FE-34-F4-C2-9A,18FE34F4C29A
1A-FE-34-F4-BF-79,1AFE34F4BF79,18-FE-34-F4-BF-79,18FE34F4BF79
1A-FE-34-F4-BF-A5,1AFE34F4BFA5,18-FE-34-F4-BF-A5,18FE34F4BFA5
1A-FE-34-F4-C2-42,1AFE34F4C242,18-FE-34-F4-C2-42,18FE34F4C242
1A-FE-34-F4-BF-46,1AFE34F4BF46,18-FE-34-F4-BF-46,18FE34F4BF46
1A-FE-34-F4-BF-E7,1AFE34F4BFE7,18-FE-34-F4-BF-E7,18FE34F4BFE7
1A-FE-34-F4-BE-EB,1AFE34F4BEEB,18-FE-34-F4-BE-EB,18FE34F4BEEB
1A-FE-34-F4-BE-D2,1AFE34F4BED2,18-FE-34-F4-BE-D2,18FE34F4BED2
1A-FE-34-F4-C0-68,1AFE34F4C068,18-FE-34-F4-C0-68,18FE34F4C068
1A-FE-34-F4-C0-C7,1AFE34F4C0C7,18-FE-34-F4-C0-C7,18FE34F4C0C7
1A-FE-34-F4-C2-A0,1AFE34F4C2A0,18-FE-34-F4-C2-A0,18FE34F4C2A0
1A-FE-34-F4-C2-4C,1AFE34F4C24C,18-FE-34-F4-C2-4C,18FE34F4C24C
1A-FE-34-F4-C0-03,1AFE34F4C003,18-FE-34-F4-C0-03,18FE34F4C003
1A-FE-34-F4-C0-28,1AFE34F4C028,18-FE-34-F4-C0-28,18FE34F4C028
1A-FE-34-F4-C0-76,1AFE34F4C076,18-FE-34-F4-C0-76,18FE34F4C076
1A-FE-34-F4-C0-2A,1AFE34F4C02A,18-FE-34-F4-C0-2A,18FE34F4C02A
1A-FE-34-F4-C1-38,1AFE34F4C138,18-FE-34-F4-C1-38,18FE34F4C138
1A-FE-34-F4-C2-46,1AFE34F4C246,18-FE-34-F4-C2-46,18FE34F4C246
1A-FE-34-F4-C0-09,1AFE34F4C009,18-FE-34-F4-C0-09,18FE34F4C009
1A-FE-34-F4-C0-65,1AFE34F4C065,18-FE-34-F4-C0-65,18FE34F4C065
1A-FE-34-F4-BE-DA,1AFE34F4BEDA,18-FE-34-F4-BE-DA,18FE34F4BEDA
1A-FE-34-F4-BF-D2,1AFE34F4BFD2,18-FE-34-F4-BF-D2,18FE34F4BFD2
1A-FE-34-F4-C0-3B,1AFE34F4C03B,18-FE-34-F4-C0-3B,18FE34F4C03B
1A-FE-34-F4-BE-95,1AFE34F4BE95,18-FE-34-F4-BE-95,18FE34F4BE95
1A-FE-34-F4-C0-5E,1AFE34F4C05E,18-FE-34-F4-C0-5E,18FE34F4C05E
1A-FE-34-F4-BF-6E,1AFE34F4BF6E,18-FE-34-F4-BF-6E,18FE34F4BF6E
1A-FE-34-F4-C0-08,1AFE34F4C008,18-FE-34-F4-C0-08,18FE34F4C008
1A-FE-34-F4-BE-FF,1AFE34F4BEFF,18-FE-34-F4-BE-FF,18FE34F4BEFF
1A-FE-34-F4-BF-40,1AFE34F4BF40,18-FE-34-F4-BF-40,18FE34F4BF40
1A-FE-34-F4-C0-BF,1AFE34F4C0BF,18-FE-34-F4-C0-BF,18FE34F4C0BF
1A-FE-34-F4-C2-43,1AFE34F4C243,18-FE-34-F4-C2-43,18FE34F4C243
1A-FE-34-F4-C1-D2,1AFE34F4C1D2,18-FE-34-F4-C1-D2,18FE34F4C1D2
1A-FE-34-F4-C2-4E,1AFE34F4C24E,18-FE-34-F4-C2-4E,18FE34F4C24E
1A-FE-34-F4-C2-9F,1AFE34F4C29F,18-FE-34-F4-C2-9F,18FE34F4C29F
1A-FE-34-F4-C0-43,1AFE34F4C043,18-FE-34-F4-C0-43,18FE34F4C043
1A-FE-34-F4-C0-6E,1AFE34F4C06E,18-FE-34-F4-C0-6E,18FE34F4C06E
1A-FE-34-F4-BF-C3,1AFE34F4BFC3,18-FE-34-F4-BF-C3,18FE34F4BFC3
1A-FE-34-F4-BF-C8,1AFE34F4BFC8,18-FE-34-F4-BF-C8,18FE34F4BFC8
1A-FE-34-F4-BF-CC,1AFE34F4BFCC,18-FE-34-F4-BF-CC,18FE34F4BFCC
1A-FE-34-F4-BF-9F,1AFE34F4BF9F,18-FE-34-F4-BF-9F,18FE34F4BF9F
1A-FE-34-F4-C1-EF,1AFE34F4C1EF,18-FE-34-F4-C1-EF,18FE34F4C1EF
1A-FE-34-F4-C1-EF,1AFE34F4C1EF,18-FE-34-F4-C1-EF,18FE34F4C1EF
1A-FE-34-F4-C1-EF,1AFE34F4C1EF,18-FE-34-F4-C1-EF,18FE34F4C1EF
1A-FE-34-F4-C1-EF,1AFE34F4C1EF,18-FE-34-F4-C1-EF,18FE34F4C1EF
1A-FE-34-F4-C1-EF,1AFE34F4C1EF,18-FE-34-F4-C1-EF,18FE34F4C1EF
1A-FE-34-F4-C0-C5,1AFE34F4C0C5,18-FE-34-F4-C0-C5,18FE34F4C0C5
1A-FE-34-F4-C0-3E,1AFE34F4C03E,18-FE-34-F4-C0-3E,18FE34F4C03E
1A-FE-34-F4-BF-5E,1AFE34F4BF5E,18-FE-34-F4-BF-5E,18FE34F4BF5E
1A-FE-34-F4-C1-54,1AFE34F4C154,18-FE-34-F4-C1-54,18FE34F4C154
1A-FE-34-F4-BF-6B,1AFE34F4BF6B,18-FE-34-F4-BF-6B,18FE34F4BF6B
1A-FE-34-F4-BF-B6,1AFE34F4BFB6,18-FE-34-F4-BF-B6,18FE34F4BFB6
1A-FE-34-F4-C1-6A,1AFE34F4C16A,18-FE-34-F4-C1-6A,18FE34F4C16A
1A-FE-34-F4-C0-DB,1AFE34F4C0DB,18-FE-34-F4-C0-DB,18FE34F4C0DB
1A-FE-34-F4-C0-F3,1AFE34F4C0F3,18-FE-34-F4-C0-F3,18FE34F4C0F3
1A-FE-34-F4-C2-1C,1AFE34F4C21C,18-FE-34-F4-C2-1C,18FE34F4C21C
1A-FE-34-F4-C2-1C,1AFE34F4C21C,18-FE-34-F4-C2-1C,18FE34F4C21C
1A-FE-34-F4-C0-B6,1AFE34F4C0B6,18-FE-34-F4-C0-B6,18FE34F4C0B6
1A-FE-34-F4-BF-89,1AFE34F4BF89,18-FE-34-F4-BF-89,18FE34F4BF89
1A-FE-34-F4-BF-32,1AFE34F4BF32,18-FE-34-F4-BF-32,18FE34F4BF32
1A-FE-34-F4-BF-56,1AFE34F4BF56,18-FE-34-F4-BF-56,18FE34F4BF56
1A-FE-34-F4-BF-8E,1AFE34F4BF8E,18-FE-34-F4-BF-8E,18FE34F4BF8E
1A-FE-34-F4-C2-04,1AFE34F4C204,18-FE-34-F4-C2-04,18FE34F4C204
1A-FE-34-F4-BE-B0,1AFE34F4BEB0,18-FE-34-F4-BE-B0,18FE34F4BEB0
1A-FE-34-F4-C0-D5,1AFE34F4C0D5,18-FE-34-F4-C0-D5,18FE34F4C0D5
1A-FE-34-F4-C1-F9,1AFE34F4C1F9,18-FE-34-F4-C1-F9,18FE34F4C1F9
1A-FE-34-F4-BF-0A,1AFE34F4BF0A,18-FE-34-F4-BF-0A,18FE34F4BF0A
1A-FE-34-F4-BF-87,1AFE34F4BF87,18-FE-34-F4-BF-87,18FE34F4BF87
1A-FE-34-F4-BE-BB,1AFE34F4BEBB,18-FE-34-F4-BE-BB,18FE34F4BEBB
1A-FE-34-F4-BF-4C,1AFE34F4BF4C,18-FE-34-F4-BF-4C,18FE34F4BF4C
1A-FE-34-F4-C0-C4,1AFE34F4C0C4,18-FE-34-F4-C0-C4,18FE34F4C0C4
1A-FE-34-F4-C0-50,1AFE34F4C050,18-FE-34-F4-C0-50,18FE34F4C050
1A-FE-34-F4-C0-F8,1AFE34F4C0F8,18-FE-34-F4-C0-F8,18FE34F4C0F8
1A-FE-34-F4-BE-E0,1AFE34F4BEE0,18-FE-34-F4-BE-E0,18FE34F4BEE0
1A-FE-34-F4-C2-18,1AFE34F4C218,18-FE-34-F4-C2-18,18FE34F4C218
1A-FE-34-F4-BE-D3,1AFE34F4BED3,18-FE-34-F4-BE-D3,18FE34F4BED3
1A-FE-34-F4-C1-2E,1AFE34F4C12E,18-FE-34-F4-C1-2E,18FE34F4C12E
1A-FE-34-F4-C0-02,1AFE34F4C002,18-FE-34-F4-C0-02,18FE34F4C002
1A-FE-34-F4-C1-BD,1AFE34F4C1BD,18-FE-34-F4-C1-BD,18FE34F4C1BD
1A-FE-34-F4-C1-1D,1AFE34F4C11D,18-FE-34-F4-C1-1D,18FE34F4C11D
1A-FE-34-F4-C1-C3,1AFE34F4C1C3,18-FE-34-F4-C1-C3,18FE34F4C1C3
1A-FE-34-F4-C2-8B,1AFE34F4C28B,18-FE-34-F4-C2-8B,18FE34F4C28B
1A-FE-34-F4-C2-14,1AFE34F4C214,18-FE-34-F4-C2-14,18FE34F4C214
1A-FE-34-F4-BF-F0,1AFE34F4BFF0,18-FE-34-F4-BF-F0,18FE34F4BFF0
1A-FE-34-F4-C1-34,1AFE34F4C134,18-FE-34-F4-C1-34,18FE34F4C134
1A-FE-34-F4-C0-1B,1AFE34F4C01B,18-FE-34-F4-C0-1B,18FE34F4C01B
1A-FE-34-F4-BF-13,1AFE34F4BF13,18-FE-34-F4-BF-13,18FE34F4BF13
1A-FE-34-F4-C2-5F,1AFE34F4C25F,18-FE-34-F4-C2-5F,18FE34F4C25F
1A-FE-34-F4-BF-62,1AFE34F4BF62,18-FE-34-F4-BF-62,18FE34F4BF62
1A-FE-34-F4-C2-7D,1AFE34F4C27D,18-FE-34-F4-C2-7D,18FE34F4C27D
1A-FE-34-F4-BF-9C,1AFE34F4BF9C,18-FE-34-F4-BF-9C,18FE34F4BF9C
1A-FE-34-F4-C2-22,1AFE34F4C222,18-FE-34-F4-C2-22,18FE34F4C222
1A-FE-34-F4-C2-20,1AFE34F4C220,18-FE-34-F4-C2-20,18FE34F4C220
1A-FE-34-F4-C1-C2,1AFE34F4C1C2,18-FE-34-F4-C1-C2,18FE34F4C1C2
1A-FE-34-F4-C0-30,1AFE34F4C030,18-FE-34-F4-C0-30,18FE34F4C030
1A-FE-34-F4-C1-93,1AFE34F4C193,18-FE-34-F4-C1-93,18FE34F4C193
1A-FE-34-F4-C1-C1,1AFE34F4C1C1,18-FE-34-F4-C1-C1,18FE34F4C1C1
1A-FE-34-F4-C1-62,1AFE34F4C162,18-FE-34-F4-C1-62,18FE34F4C162
1A-FE-34-F4-C2-4A,1AFE34F4C24A,18-FE-34-F4-C2-4A,18FE34F4C24A
1A-FE-34-F4-C0-F2,1AFE34F4C0F2,18-FE-34-F4-C0-F2,18FE34F4C0F2
1A-FE-34-F4-C1-8C,1AFE34F4C18C,18-FE-34-F4-C1-8C,18FE34F4C18C
1A-FE-34-F4-C2-40,1AFE34F4C240,18-FE-34-F4-C2-40,18FE34F4C240
1A-FE-34-F4-C1-3F,1AFE34F4C13F,18-FE-34-F4-C1-3F,18FE34F4C13F
1A-FE-34-F4-C0-0A,1AFE34F4C00A,18-FE-34-F4-C0-0A,18FE34F4C00A
1A-FE-34-F4-C2-15,1AFE34F4C215,18-FE-34-F4-C2-15,18FE34F4C215
1A-FE-34-F4-C0-A9,1AFE34F4C0A9,18-FE-34-F4-C0-A9,18FE34F4C0A9
1A-FE-34-F4-C2-2E,1AFE34F4C22E,18-FE-34-F4-C2-2E,18FE34F4C22E
1A-FE-34-F4-BF-BC,1AFE34F4BFBC,18-FE-34-F4-BF-BC,18FE34F4BFBC
1A-FE-34-F4-C1-11,1AFE34F4C111,18-FE-34-F4-C1-11,18FE34F4C111
1A-FE-34-F4-BF-7A,1AFE34F4BF7A,18-FE-34-F4-BF-7A,18FE34F4BF7A
1A-FE-34-F4-BF-DB,1AFE34F4BFDB,18-FE-34-F4-BF-DB,18FE34F4BFDB
1A-FE-34-F4-BF-0B,1AFE34F4BF0B,18-FE-34-F4-BF-0B,18FE34F4BF0B
1A-FE-34-F4-BF-EF,1AFE34F4BFEF,18-FE-34-F4-BF-EF,18FE34F4BFEF
1A-FE-34-F4-C0-FA,1AFE34F4C0FA,18-FE-34-F4-C0-FA,18FE34F4C0FA
1A-FE-34-F4-C1-7B,1AFE34F4C17B,18-FE-34-F4-C1-7B,18FE34F4C17B
1A-FE-34-F4-C0-71,1AFE34F4C071,18-FE-34-F4-C0-71,18FE34F4C071
1A-FE-34-F4-C0-4F,1AFE34F4C04F,18-FE-34-F4-C0-4F,18FE34F4C04F
1A-FE-34-F4-C1-ED,1AFE34F4C1ED,18-FE-34-F4-C1-ED,18FE34F4C1ED
1A-FE-34-F4-C0-CB,1AFE34F4C0CB,18-FE-34-F4-C0-CB,18FE34F4C0CB
1A-FE-34-F4-C2-98,1AFE34F4C298,18-FE-34-F4-C2-98,18FE34F4C298
1A-FE-34-F4-C0-D2,1AFE34F4C0D2,18-FE-34-F4-C0-D2,18FE34F4C0D2
1A-FE-34-F4-C0-E0,1AFE34F4C0E0,18-FE-34-F4-C0-E0,18FE34F4C0E0
1A-FE-34-F4-BF-45,1AFE34F4BF45,18-FE-34-F4-BF-45,18FE34F4BF45
1A-FE-34-F4-C0-72,1AFE34F4C072,18-FE-34-F4-C0-72,18FE34F4C072
1A-FE-34-F4-C2-9E,1AFE34F4C29E,18-FE-34-F4-C2-9E,18FE34F4C29E
1A-FE-34-F4-BF-4D,1AFE34F4BF4D,18-FE-34-F4-BF-4D,18FE34F4BF4D
1A-FE-34-F4-BE-CE,1AFE34F4BECE,18-FE-34-F4-BE-CE,18FE34F4BECE
1A-FE-34-F4-C1-84,1AFE34F4C184,18-FE-34-F4-C1-84,18FE34F4C184
1A-FE-34-F4-BF-15,1AFE34F4BF15,18-FE-34-F4-BF-15,18FE34F4BF15
1A-FE-34-F4-C0-22,1AFE34F4C022,18-FE-34-F4-C0-22,18FE34F4C022
1A-FE-34-F4-BF-78,1AFE34F4BF78,18-FE-34-F4-BF-78,18FE34F4BF78
1A-FE-34-F4-BF-72,1AFE34F4BF72,18-FE-34-F4-BF-72,18FE34F4BF72
1A-FE-34-F4-C1-3C,1AFE34F4C13C,18-FE-34-F4-C1-3C,18FE34F4C13C
1A-FE-34-F4-C1-F7,1AFE34F4C1F7,18-FE-34-F4-C1-F7,18FE34F4C1F7
1A-FE-34-F4-C2-7C,1AFE34F4C27C,18-FE-34-F4-C2-7C,18FE34F4C27C
1A-FE-34-F4-C2-5E,1AFE34F4C25E,18-FE-34-F4-C2-5E,18FE34F4C25E
1A-FE-34-F4-C0-FE,1AFE34F4C0FE,18-FE-34-F4-C0-FE,18FE34F4C0FE
1A-FE-34-F4-BF-0D,1AFE34F4BF0D,18-FE-34-F4-BF-0D,18FE34F4BF0D
1A-FE-34-F4-C0-61,1AFE34F4C061,18-FE-34-F4-C0-61,18FE34F4C061
1A-FE-34-F4-BF-7C,1AFE34F4BF7C,18-FE-34-F4-BF-7C,18FE34F4BF7C
1A-FE-34-F4-C2-92,1AFE34F4C292,18-FE-34-F4-C2-92,18FE34F4C292
1A-FE-34-F4-BE-A3,1AFE34F4BEA3,18-FE-34-F4-BE-A3,18FE34F4BEA3
1A-FE-34-F4-C1-FB,1AFE34F4C1FB,18-FE-34-F4-C1-FB,18FE34F4C1FB
1A-FE-34-F4-C0-45,1AFE34F4C045,18-FE-34-F4-C0-45,18FE34F4C045
1A-FE-34-F4-BF-6D,1AFE34F4BF6D,18-FE-34-F4-BF-6D,18FE34F4BF6D
1A-FE-34-F4-BE-F2,1AFE34F4BEF2,18-FE-34-F4-BE-F2,18FE34F4BEF2
1A-FE-34-F4-C2-23,1AFE34F4C223,18-FE-34-F4-C2-23,18FE34F4C223
1A-FE-34-F4-C1-68,1AFE34F4C168,18-FE-34-F4-C1-68,18FE34F4C168
1A-FE-34-06-26-BC,1AFE340626BC,18-FE-34-06-26-BC,18FE340626BC
1A-FE-34-06-72-CB,1AFE340672CB,18-FE-34-06-72-CB,18FE340672CB
1A-FE-34-06-27-C8,1AFE340627C8,18-FE-34-06-27-C8,18FE340627C8
1A-FE-34-06-73-A9,1AFE340673A9,18-FE-34-06-73-A9,18FE340673A9
1A-FE-34-06-73-57,1AFE34067357,18-FE-34-06-73-57,18FE34067357
1A-FE-34-06-73-F2,1AFE340673F2,18-FE-34-06-73-F2,18FE340673F2
1A-FE-34-06-28-34,1AFE34062834,18-FE-34-06-28-34,18FE34062834
1A-FE-34-06-29-A2,1AFE340629A2,18-FE-34-06-29-A2,18FE340629A2
1A-FE-34-06-75-10,1AFE34067510,18-FE-34-06-75-10,18FE34067510
1A-FE-34-06-74-36,1AFE34067436,18-FE-34-06-74-36,18FE34067436
1A-FE-34-06-24-94,1AFE34062494,18-FE-34-06-24-94,18FE34062494
1A-FE-34-06-72-7D,1AFE3406727D,18-FE-34-06-72-7D,18FE3406727D
1A-FE-34-06-24-91,1AFE34062491,18-FE-34-06-24-91,18FE34062491
1A-FE-34-06-71-A3,1AFE340671A3,18-FE-34-06-71-A3,18FE340671A3
1A-FE-34-06-71-4C,1AFE3406714C,18-FE-34-06-71-4C,18FE3406714C
1A-FE-34-06-72-51,1AFE34067251,18-FE-34-06-72-51,18FE34067251
1A-FE-34-06-28-F8,1AFE340628F8,18-FE-34-06-28-F8,18FE340628F8
1A-FE-34-06-71-51,1AFE34067151,18-FE-34-06-71-51,18FE34067151
1A-FE-34-06-24-EF,1AFE340624EF,18-FE-34-06-24-EF,18FE340624EF
1A-FE-34-06-26-A7,1AFE340626A7,18-FE-34-06-26-A7,18FE340626A7
1A-FE-34-06-74-97,1AFE34067497,18-FE-34-06-74-97,18FE34067497
1A-FE-34-06-27-EA,1AFE340627EA,18-FE-34-06-27-EA,18FE340627EA
1A-FE-34-06-74-9D,1AFE3406749D,18-FE-34-06-74-9D,18FE3406749D
1A-FE-34-06-25-B1,1AFE340625B1,18-FE-34-06-25-B1,18FE340625B1
1A-FE-34-06-25-55,1AFE34062555,18-FE-34-06-25-55,18FE34062555
1A-FE-34-06-24-A0,1AFE340624A0,18-FE-34-06-24-A0,18FE340624A0
1A-FE-34-06-74-29,1AFE34067429,18-FE-34-06-74-29,18FE34067429
1A-FE-34-06-71-D4,1AFE340671D4,18-FE-34-06-71-D4,18FE340671D4
1A-FE-34-06-71-4B,1AFE3406714B,18-FE-34-06-71-4B,18FE3406714B
1A-FE-34-06-74-4A,1AFE3406744A,18-FE-34-06-74-4A,18FE3406744A
1A-FE-34-06-27-78,1AFE34062778,18-FE-34-06-27-78,18FE34062778
1A-FE-34-06-73-2B,1AFE3406732B,18-FE-34-06-73-2B,18FE3406732B
1A-FE-34-06-72-0E,1AFE3406720E,18-FE-34-06-72-0E,18FE3406720E
1A-FE-34-06-72-0E,1AFE3406720E,18-FE-34-06-72-0E,18FE3406720E
1A-FE-34-06-3C-5D,1AFE34063C5D,18-FE-34-06-3C-5D,18FE34063C5D
1A-FE-34-06-72-02,1AFE34067202,18-FE-34-06-72-02,18FE34067202
1A-FE-34-06-71-6E,1AFE3406716E,18-FE-34-06-71-6E,18FE3406716E
1A-FE-34-06-74-C6,1AFE340674C6,18-FE-34-06-74-C6,18FE340674C6
1A-FE-34-06-28-F2,1AFE340628F2,18-FE-34-06-28-F2,18FE340628F2
1A-FE-34-06-75-3D,1AFE3406753D,18-FE-34-06-75-3D,18FE3406753D
1A-FE-34-06-72-D6,1AFE340672D6,18-FE-34-06-72-D6,18FE340672D6
1A-FE-34-06-23-4B,1AFE3406234B,18-FE-34-06-23-4B,18FE3406234B
1A-FE-34-06-71-5D,1AFE3406715D,18-FE-34-06-71-5D,18FE3406715D
1A-FE-34-06-74-A1,1AFE340674A1,18-FE-34-06-74-A1,18FE340674A1
1A-FE-34-06-75-24,1AFE34067524,18-FE-34-06-75-24,18FE34067524
1A-FE-34-06-72-55,1AFE34067255,18-FE-34-06-72-55,18FE34067255
1A-FE-34-06-73-19,1AFE34067319,18-FE-34-06-73-19,18FE34067319
1A-FE-34-06-25-6C,1AFE3406256C,18-FE-34-06-25-6C,18FE3406256C
1A-FE-34-06-71-32,1AFE34067132,18-FE-34-06-71-32,18FE34067132
1A-FE-34-06-73-A5,1AFE340673A5,18-FE-34-06-73-A5,18FE340673A5
1A-FE-34-06-72-D7,1AFE340672D7,18-FE-34-06-72-D7,18FE340672D7
1A-FE-34-06-72-D7,1AFE340672D7,18-FE-34-06-72-D7,18FE340672D7
1A-FE-34-F9-0D-95,1AFE34F90D95,18-FE-34-F9-0D-95,18FE34F90D95
1A-FE-34-F9-0D-95,1AFE34F90D95,18-FE-34-F9-0D-95,18FE34F90D95
1A-FE-34-F9-0D-95,1AFE34F90D95,18-FE-34-F9-0D-95,18FE34F90D95
1A-FE-34-F9-0D-95,1AFE34F90D95,18-FE-34-F9-0D-95,18FE34F90D95
1A-FE-34-F9-0D-95,1AFE34F90D95,18-FE-34-F9-0D-95,18FE34F90D95
1A-FE-34-F9-0D-95,1AFE34F90D95,18-FE-34-F9-0D-95,18FE34F90D95
1A-FE-34-F9-0D-95,1AFE34F90D95,18-FE-34-F9-0D-95,18FE34F90D95
1A-FE-34-F9-0D-95,1AFE34F90D95,18-FE-34-F9-0D-95,18FE34F90D95
1A-FE-34-F9-0D-95,1AFE34F90D95,18-FE-34-F9-0D-95,18FE34F90D95
1A-FE-34-F9-0D-95,1AFE34F90D95,18-FE-34-F9-0D-95,18FE34F90D95
1A-FE-34-F9-0D-95,1AFE34F90D95,18-FE-34-F9-0D-95,18FE34F90D95
1A-FE-34-F9-0D-95,1AFE34F90D95,18-FE-34-F9-0D-95,18FE34F90D95
1A-FE-34-F9-0D-95,1AFE34F90D95,18-FE-34-F9-0D-95,18FE34F90D95
1A-FE-34-F9-0D-95,1AFE34F90D95,18-FE-34-F9-0D-95,18FE34F90D95
1A-FE-34-F4-BF-40,1AFE34F4BF40,18-FE-34-F4-BF-40,18FE34F4BF40
1A-FE-34-F4-BF-40,1AFE34F4BF40,18-FE-34-F4-BF-40,18FE34F4BF40
1A-FE-34-F4-BF-40,1AFE34F4BF40,18-FE-34-F4-BF-40,18FE34F4BF40
1A-FE-34-F9-0D-95,1AFE34F90D95,18-FE-34-F9-0D-95,18FE34F90D95
1A-FE-34-F9-0D-95,1AFE34F90D95,18-FE-34-F9-0D-95,18FE34F90D95
1A-FE-34-F9-0D-95,1AFE34F90D95,18-FE-34-F9-0D-95,18FE34F90D95
1A-FE-34-F9-0D-95,1AFE34F90D95,18-FE-34-F9-0D-95,18FE34F90D95
1A-FE-34-F9-0D-95,1AFE34F90D95,18-FE-34-F9-0D-95,18FE34F90D95
1A-FE-34-F9-0D-95,1AFE34F90D95,18-FE-34-F9-0D-95,18FE34F90D95
1A-FE-34-F9-0D-95,1AFE34F90D95,18-FE-34-F9-0D-95,18FE34F90D95
1A-FE-34-06-F6-D0,1AFE3406F6D0,18-FE-34-06-F6-D0,18FE3406F6D0
1A-FE-34-06-EF-A0,1AFE3406EFA0,18-FE-34-06-EF-A0,18FE3406EFA0
1A-FE-34-06-F7-33,1AFE3406F733,18-FE-34-06-F7-33,18FE3406F733
1A-FE-34-06-F7-33,1AFE3406F733,18-FE-34-06-F7-33,18FE3406F733
1A-FE-34-06-F8-21,1AFE3406F821,18-FE-34-06-F8-21,18FE3406F821
1A-FE-34-06-F6-CC,1AFE3406F6CC,18-FE-34-06-F6-CC,18FE3406F6CC
1A-FE-34-06-F5-95,1AFE3406F595,18-FE-34-06-F5-95,18FE3406F595
1A-FE-34-06-F2-E9,1AFE3406F2E9,18-FE-34-06-F2-E9,18FE3406F2E9
1A-FE-34-06-F5-AA,1AFE3406F5AA,18-FE-34-06-F5-AA,18FE3406F5AA
1A-FE-34-06-F7-9E,1AFE3406F79E,18-FE-34-06-F7-9E,18FE3406F79E
1A-FE-34-06-F8-AE,1AFE3406F8AE,18-FE-34-06-F8-AE,18FE3406F8AE
1A-FE-34-06-F7-4E,1AFE3406F74E,18-FE-34-06-F7-4E,18FE3406F74E
1A-FE-34-06-F7-4E,1AFE3406F74E,18-FE-34-06-F7-4E,18FE3406F74E
1A-FE-34-06-EF-99,1AFE3406EF99,18-FE-34-06-EF-99,18FE3406EF99
1A-FE-34-06-F1-2F,1AFE3406F12F,18-FE-34-06-F1-2F,18FE3406F12F
1A-FE-34-06-F0-E5,1AFE3406F0E5,18-FE-34-06-F0-E5,18FE3406F0E5
1A-FE-34-06-F1-28,1AFE3406F128,18-FE-34-06-F1-28,18FE3406F128
1A-FE-34-06-F8-44,1AFE3406F844,18-FE-34-06-F8-44,18FE3406F844
1A-FE-34-06-F2-CD,1AFE3406F2CD,18-FE-34-06-F2-CD,18FE3406F2CD
1A-FE-34-06-F3-8B,1AFE3406F38B,18-FE-34-06-F3-8B,18FE3406F38B
1A-FE-34-D6-4C-33,1AFE34D64C33,18-FE-34-D6-4C-33,18FE34D64C33
1A-FE-34-D6-4C-33,1AFE34D64C33,18-FE-34-D6-4C-33,18FE34D64C33
